Type,Index,Description,Subject,Gold,GPT3_normal,GPT3.5_normal,GPT4_normal,GPT4_CoT,GPT4_CoT_self_refine,GPT4_CoT+OneShot,GPT4_CoT+SC@8
MCQ,1,JEE Adv 2016 Paper 1,phy,B,C,C,B,B,B,B,B
MCQ,2,JEE Adv 2016 Paper 1,phy,D,C,C,D,D,C,D,D
MCQ(multiple),6,JEE Adv 2016 Paper 1,phy,ABD,BC,BC,AB,ABD,ABD,AD,AB
MCQ(multiple),8,JEE Adv 2016 Paper 1,phy,CD,BC,BC,BCD,CD,CD,CD,CD
MCQ(multiple),9,JEE Adv 2016 Paper 1,phy,AD,BCD,BC,ABD,C,CD,C,AC
MCQ(multiple),10,JEE Adv 2016 Paper 1,phy,BD,A,ABCD,ABD,ABCD,ABCD,B,BD
MCQ(multiple),12,JEE Adv 2016 Paper 1,phy,ABD,ABCD,ABD,ABC,ABD,ABD,ABCD,ABD
Integer,14,JEE Adv 2016 Paper 1,phy,9,None,5,5,17,17,9,6
Integer,15,JEE Adv 2016 Paper 1,phy,9,None,None,None,9,9,4.041,0
Integer,16,JEE Adv 2016 Paper 1,phy,6,4,3,10,1,0,0,0
Integer,17,JEE Adv 2016 Paper 1,phy,3,None,None,3,4,2,48,2
Integer,18,JEE Adv 2016 Paper 1,phy,8,None,None,None,4,4,12,8
MCQ,20,JEE Adv 2016 Paper 1,chem,C,B,B,C,C,C,B,C
MCQ,21,JEE Adv 2016 Paper 1,chem,B,A,C,A,A,A,A,A
MCQ,22,JEE Adv 2016 Paper 1,chem,B,A,A,A,A,A,A,A
MCQ,23,JEE Adv 2016 Paper 1,chem,A,D,D,D,D,D,D,D
MCQ(multiple),24,JEE Adv 2016 Paper 1,chem,BCD,ABD,BCD,BCD,BCD,BCD,BCD,BCD
MCQ(multiple),25,JEE Adv 2016 Paper 1,chem,BD,ABC,A,ABD,BD,BD,ABD,ABD
MCQ(multiple),26,JEE Adv 2016 Paper 1,chem,ACD,ABCD,A,ACD,ACD,ACD,ACD,ACD
MCQ(multiple),27,JEE Adv 2016 Paper 1,chem,BC,C,C,BC,C,BC,AD,BC
MCQ(multiple),28,JEE Adv 2016 Paper 1,chem,A,A,A,AC,A,A,AC,ACD
Integer,32,JEE Adv 2016 Paper 1,chem,9,None,9,2,201,201,1,1
Integer,33,JEE Adv 2016 Paper 1,chem,4,8,2,1,4,4,4,4
Integer,34,JEE Adv 2016 Paper 1,chem,6,8,40,40,20,20,20,40
MCQ,37,JEE Adv 2016 Paper 1,math,C,A,A,A,A,None,A,A
MCQ,38,JEE Adv 2016 Paper 1,math,A,D,A,A,A,A,A,A
MCQ,39,JEE Adv 2016 Paper 1,math,C,C,D,C,C,C,C,C
MCQ,40,JEE Adv 2016 Paper 1,math,C,C,A,None,C,C,None,C
MCQ,41,JEE Adv 2016 Paper 1,math,C,A,B,B,None,None,None,A
MCQ(multiple),42,JEE Adv 2016 Paper 1,math,BCD,ABCD,ACD,BCD,BC,BC,AC,ABC
MCQ(multiple),43,JEE Adv 2016 Paper 1,math,A,ABD,CD,C,AC,AC,ABCD,AC
MCQ(multiple),44,JEE Adv 2016 Paper 1,math,BC,A,BD,B,BC,BC,BC,ABC
MCQ(multiple),45,JEE Adv 2016 Paper 1,math,ACD,ABCD,ABC,None,ABCD,ABCD,ABCD,ABCD
MCQ(multiple),46,JEE Adv 2016 Paper 1,math,AD,ACD,BD,ACD,AC,None,C,ACD
MCQ(multiple),47,JEE Adv 2016 Paper 1,math,BC,D,A,None,BC,ABCD,A,None
MCQ(multiple),48,JEE Adv 2016 Paper 1,math,ABC,ABCD,BC,B,None,None,ABC,ABC
MCQ(multiple),49,JEE Adv 2016 Paper 1,math,AC,ACD,AC,None,AC,AC,BD,None
Integer,50,JEE Adv 2016 Paper 1,math,2,1,0,2,2,2,2,2
Integer,51,JEE Adv 2016 Paper 1,math,5,None,None,0,1,146,6800,1
Integer,52,JEE Adv 2016 Paper 1,math,1,4,1,0,0,2,0,0
Integer,53,JEE Adv 2016 Paper 1,math,7,None,None,6,12,12,36,0
Integer,54,JEE Adv 2016 Paper 1,math,1,0,9,0,1,1,2,0
MCQ,1,JEE Adv 2016 Paper 2,phy,C,B,B,B,B,B,B,B
MCQ,2,JEE Adv 2016 Paper 2,phy,C,C,C,C,C,C,C,C
MCQ,3,JEE Adv 2016 Paper 2,phy,C,A,B,C,B,B,C,C
MCQ,4,JEE Adv 2016 Paper 2,phy,A,D,A,C,C,C,C,C
MCQ(multiple),9,JEE Adv 2016 Paper 2,phy,ABD,AD,ACD,AD,AD,AD,ACD,ACD
MCQ(multiple),10,JEE Adv 2016 Paper 2,phy,BC,AD,BD,None,BC,C,B,CD
MCQ(multiple),12,JEE Adv 2016 Paper 2,phy,ABD,AC,AC,AB,ABCD,ABCD,ABCD,ABCD
MCQ,19,JEE Adv 2016 Paper 2,chem,D,C,A,D,C,C,C,C
MCQ,22,JEE Adv 2016 Paper 2,chem,A,D,A,A,A,A,A,A
MCQ(multiple),25,JEE Adv 2016 Paper 2,chem,AC,AC,ABC,AB,AC,AC,ABC,A
MCQ(multiple),26,JEE Adv 2016 Paper 2,chem,AB,A,A,AB,AB,AB,AB,AB
MCQ(multiple),27,JEE Adv 2016 Paper 2,chem,BCD,ACD,ACD,ABCD,ABCD,ABCD,ABCD,ABCD
MCQ(multiple),28,JEE Adv 2016 Paper 2,chem,ABC,ABCD,ABC,ABC,ABC,ABC,ABC,ABC
MCQ(multiple),29,JEE Adv 2016 Paper 2,chem,BD,ABD,ABD,ABCD,BC,BC,ABCD,BCD
MCQ(multiple),30,JEE Adv 2016 Paper 2,chem,BC,ABD,BC,BD,BD,BD,BCD,BD
MCQ,37,JEE Adv 2016 Paper 2,math,B,A,D,None,None,1,D,D
MCQ,38,JEE Adv 2016 Paper 2,math,B,A,C,C,D,D,C,B
MCQ,40,JEE Adv 2016 Paper 2,math,A,C,None,None,None,None,None,A
MCQ,42,JEE Adv 2016 Paper 2,math,C,A,A,None,C,C,None,C
MCQ(multiple),44,JEE Adv 2016 Paper 2,math,AB,ABD,ABC,AB,AB,AB,ABCD,AB
MCQ(multiple),45,JEE Adv 2016 Paper 2,math,AD,ACD,None,D,None,None,None,A
MCQ(multiple),46,JEE Adv 2016 Paper 2,math,BC,AD,AB,AC,AD,AD,AD,CD
MCQ(multiple),47,JEE Adv 2016 Paper 2,math,ACD,A,ABCD,ABCD,ABCD,ABCD,ABCD,ABCD
MCQ(multiple),48,JEE Adv 2016 Paper 2,math,ACD,A,B,ABCD,None,None,ABD,ABCD
MCQ(multiple),49,JEE Adv 2016 Paper 2,math,BCD,A,BC,ABCD,BCD,BCD,BCD,BCD
MCQ(multiple),50,JEE Adv 2016 Paper 2,math,BC,B,B,B,BC,BC,BCD,BCD
MCQ(multiple),1,JEE Adv 2017 Paper 1,phy,ABD,AD,AD,ABD,ABD,ABD,ABD,ABD
MCQ(multiple),4,JEE Adv 2017 Paper 1,phy,C,ABCD,ABC,ABC,ABC,ABC,ABC,ABC
MCQ(multiple),7,JEE Adv 2017 Paper 1,phy,ACD,A,AD,AC,C,C,ABC,AC
Integer,8,JEE Adv 2017 Paper 1,phy,6,3,None,3,2,None,None,3
Integer,9,JEE Adv 2017 Paper 1,phy,5,6,None,3,5,5,7,3
Integer,11,JEE Adv 2017 Paper 1,phy,6,None,None,1,6,6,0.76,4
Integer,12,JEE Adv 2017 Paper 1,phy,5,None,5,5,5,5,5,5
MCQ(multiple),19,JEE Adv 2017 Paper 1,chem,ABC,ABD,CD,AC,ABC,ABC,AC,ABC
MCQ(multiple),21,JEE Adv 2017 Paper 1,chem,ABD,ABC,B,ABD,BD,BD,ABD,BD
MCQ(multiple),22,JEE Adv 2017 Paper 1,chem,CD,D,CD,D,CD,CD,D,CD
MCQ(multiple),23,JEE Adv 2017 Paper 1,chem,BCD,BD,D,BC,BD,BD,B,BC
Integer,26,JEE Adv 2017 Paper 1,chem,2,5,None,2000000,2,2,2,2
Integer,27,JEE Adv 2017 Paper 1,chem,6,None,None,6,6,6,4,6
Integer,28,JEE Adv 2017 Paper 1,chem,6,8,6,50,5,6,7,2
Integer,29,JEE Adv 2017 Paper 1,chem,5,5,4,6,5,5,5,6
MCQ(multiple),37,JEE Adv 2017 Paper 1,math,ABC,BD,D,AD,ABCD,ABCD,AB,ABCD
MCQ(multiple),38,JEE Adv 2017 Paper 1,math,C,AC,B,AC,A,A,BCD,None
MCQ(multiple),40,JEE Adv 2017 Paper 1,math,AB,ABCD,ABD,AB,AB,AB,AB,ABC
MCQ(multiple),41,JEE Adv 2017 Paper 1,math,BD,BCD,B,B,BC,BC,B,BD
MCQ(multiple),42,JEE Adv 2017 Paper 1,math,AB,None,AB,AB,AB,AB,B,AB
MCQ(multiple),43,JEE Adv 2017 Paper 1,math,AB,ACD,ABCD,AB,AB,AB,ABCD,AB
Integer,44,JEE Adv 2017 Paper 1,math,2,1,2,4,1,1,1,1
Integer,45,JEE Adv 2017 Paper 1,math,2,None,1,0,None,None,3,0
Integer,46,JEE Adv 2017 Paper 1,math,1,0,None,None,3,3,1,3
Integer,47,JEE Adv 2017 Paper 1,math,5,3628800,None,5,80640,None,0.5,5
Integer,48,JEE Adv 2017 Paper 1,math,6,4,2,16,2,4,3,6
MCQ,1,JEE Adv 2017 Paper 2,phy,A,D,D,A,A,A,A,A
MCQ,3,JEE Adv 2017 Paper 2,phy,D,A,B,D,D,D,D,D
MCQ,6,JEE Adv 2017 Paper 2,phy,B,B,C,B,B,B,B,B
MCQ,7,JEE Adv 2017 Paper 2,phy,B,A,B,None,B,B,B,B
MCQ(multiple),9,JEE Adv 2017 Paper 2,phy,AD,A,AB,AD,AD,AD,AD,AD
MCQ,20,JEE Adv 2017 Paper 2,chem,B,D,B,B,B,B,B,B
MCQ,21,JEE Adv 2017 Paper 2,chem,A,B,B,C,A,A,A,C
MCQ,22,JEE Adv 2017 Paper 2,chem,C,A,C,C,C,C,C,C
MCQ,23,JEE Adv 2017 Paper 2,chem,C,A,B,C,C,C,C,C
MCQ(multiple),26,JEE Adv 2017 Paper 2,chem,AB,BD,B,AB,AB,AB,AB,AB
MCQ(multiple),27,JEE Adv 2017 Paper 2,chem,BD,AC,AB,BD,ABCD,C,BD,ABD
MCQ(multiple),28,JEE Adv 2017 Paper 2,chem,AB,ABD,AB,AB,AB,AB,AB,AB
MCQ(multiple),30,JEE Adv 2017 Paper 2,chem,ABD,AD,BD,ABD,ABD,ABD,ABD,ABD
MCQ(multiple),31,JEE Adv 2017 Paper 2,chem,AD,ABCD,A,AD,AD,AD,A,AD
MCQ,37,JEE Adv 2017 Paper 2,math,C,C,A,None,C,C,None,C
MCQ,38,JEE Adv 2017 Paper 2,math,D,None,B,D,D,D,D,D
MCQ,39,JEE Adv 2017 Paper 2,math,A,D,C,A,A,None,None,A
MCQ,40,JEE Adv 2017 Paper 2,math,D,C,B,D,C,C,D,D
MCQ,41,JEE Adv 2017 Paper 2,math,B,None,None,None,None,None,B,B
MCQ,42,JEE Adv 2017 Paper 2,math,D,C,B,C,C,C,D,D
MCQ,43,JEE Adv 2017 Paper 2,math,B,A,B,B,B,B,B,B
MCQ(multiple),46,JEE Adv 2017 Paper 2,math,AC,A,AC,AC,AC,AC,AC,AC
MCQ(multiple),47,JEE Adv 2017 Paper 2,math,AD,AC,BD,AC,AC,AC,BD,AC
MCQ(multiple),48,JEE Adv 2017 Paper 2,math,BC,ACD,ACD,AC,AC,AC,AD,AC
MCQ(multiple),49,JEE Adv 2017 Paper 2,math,BC,D,D,AC,BC,BC,BC,ABC
MCQ(multiple),50,JEE Adv 2017 Paper 2,math,BD,D,A,BD,BC,BC,BD,BCD
MCQ(multiple),1,JEE Adv 2018 Paper 1,phy,BC,CD,BC,BC,BC,BC,BC,BC
MCQ(multiple),2,JEE Adv 2018 Paper 1,phy,AC,ACD,AC,AC,AC,AC,C,B
MCQ(multiple),3,JEE Adv 2018 Paper 1,phy,AC,AB,ACD,AC,AC,AC,AC,AC
MCQ(multiple),5,JEE Adv 2018 Paper 1,phy,ABD,AD,ABC,ABC,ABCD,ABCD,ABC,ABC
Numeric,7,JEE Adv 2018 Paper 1,phy,2,6,1.32,0.62,0.5,0.5,None,2
Numeric,8,JEE Adv 2018 Paper 1,phy,5,33,33,29.06,2.79,2.79,4.36,11.74
Numeric,9,JEE Adv 2018 Paper 1,phy,0.75,2.88,0.47,0.96,None,None,0.36,0.5
Numeric,13,JEE Adv 2018 Paper 1,phy,130,1.18,0.16,0.01,0.35,0.35,2.11,1.07
MCQ(multiple),19,JEE Adv 2018 Paper 1,chem,BC,A,B,BC,BCD,BCD,BC,BC
MCQ(multiple),20,JEE Adv 2018 Paper 1,chem,BC,ABCD,ABD,BCD,BCD,BCD,BCD,BCD
MCQ(multiple),21,JEE Adv 2018 Paper 1,chem,ABC,ACD,ABC,BCD,BCD,BCD,BCD,ABCD
Numeric,25,JEE Adv 2018 Paper 1,chem,1,10,4,3,2,2,4,3
Numeric,26,JEE Adv 2018 Paper 1,chem,2992,1620,2584.44,3336,2776,2776,2876,1604
Numeric,27,JEE Adv 2018 Paper 1,chem,3,1.6,6,6,5,5,6,6
Numeric,28,JEE Adv 2018 Paper 1,chem,10,0.14,1.81,10,None,None,10,0.1
Numeric,30,JEE Adv 2018 Paper 1,chem,19,5,1.13,1.22,19,19,None,19
Numeric,31,JEE Adv 2018 Paper 1,chem,4.47,0.00003,0.00001,1.41,14.1,10,None,0.0141
MCQ(multiple),37,JEE Adv 2018 Paper 1,math,ABD,ABD,A,A,A,A,A,A
MCQ(multiple),38,JEE Adv 2018 Paper 1,math,BCD,ABD,BC,D,A,A,ABCD,D
MCQ(multiple),39,JEE Adv 2018 Paper 1,math,CD,AD,CD,C,CD,CD,ACD,C
MCQ(multiple),40,JEE Adv 2018 Paper 1,math,ABD,BD,ABD,AD,ABD,ABD,ABD,ABD
MCQ(multiple),41,JEE Adv 2018 Paper 1,math,BC,B,AD,BD,None,None,AC,BC
Numeric,43,JEE Adv 2018 Paper 1,math,8,None,18,8.4,7,7,None,11.31
Numeric,44,JEE Adv 2018 Paper 1,math,625,800,375,500,625,500,500,625
Numeric,45,JEE Adv 2018 Paper 1,math,3748,4036,2840,3749,3749,3750,3750,3749
Numeric,46,JEE Adv 2018 Paper 1,math,2,2,2,1,1,1,2,1
Numeric,47,JEE Adv 2018 Paper 1,math,1,2,0,0,1,2,2,0
Numeric,48,JEE Adv 2018 Paper 1,math,3,0,2,3,3,3,6,3
Numeric,49,JEE Adv 2018 Paper 1,math,0.5,0.87,0.87,None,0.87,0.5,None,-0.75
Numeric,50,JEE Adv 2018 Paper 1,math,4,-5,2.44,2.33,2.33,2.33,2.33,2.33
MCQ(multiple),1,JEE Adv 2018 Paper 2,phy,ABD,BC,B,D,BD,B,None,B
MCQ(multiple),2,JEE Adv 2018 Paper 2,phy,ACD,BCD,ACD,ACD,CD,CD,ACD,ACD
MCQ(multiple),5,JEE Adv 2018 Paper 2,phy,AC,AC,BC,AC,AC,AC,AC,AC
MCQ(multiple),6,JEE Adv 2018 Paper 2,phy,AC,AC,A,ABCD,B,B,ACD,ABC
Numeric,7,JEE Adv 2018 Paper 2,phy,6.3,25.2,27.04,6.3,6.3,6.3,6.3,6.3
Numeric,8,JEE Adv 2018 Paper 2,phy,30,0.43,60,30,44.71,30,14.99,14.96
Numeric,9,JEE Adv 2018 Paper 2,phy,2,10,2000,1,1,1,2,2
Numeric,10,JEE Adv 2018 Paper 2,phy,5.56,250,99505.05,0.51,0.05,0.51,0.505,0.51
Numeric,11,JEE Adv 2018 Paper 2,phy,3,0.0015,3,3,0.33,0.33,None,3
Numeric,12,JEE Adv 2018 Paper 2,phy,900,0,-174.16,1200,561.6,561.6,1162.5,900
Numeric,13,JEE Adv 2018 Paper 2,phy,24,None,None,7.2,0.0036,0.0036,3.6,2.39
Numeric,14,JEE Adv 2018 Paper 2,phy,3,1.5,16,4,4,4,3,2
MCQ(multiple),19,JEE Adv 2018 Paper 2,chem,ABD,AD,BC,AB,ABD,ABD,ABD,ABD
MCQ(multiple),20,JEE Adv 2018 Paper 2,chem,BD,ABD,BCD,ABCD,ABCD,ABCD,BCD,ABCD
Numeric,25,JEE Adv 2018 Paper 2,chem,6,8,9,10,6,6,6,6
Numeric,26,JEE Adv 2018 Paper 2,chem,6.47,0.1,6.47,0.65,4.31,4.31,0.207,19.31
Numeric,27,JEE Adv 2018 Paper 2,chem,126,845.45,22.5,126,126,126,129,126
Numeric,30,JEE Adv 2018 Paper 2,chem,-14.6,-17.7,-4.16,-14.6,-6.6,-6.6,-14.6,-12
Numeric,31,JEE Adv 2018 Paper 2,chem,8500,7000,9022.5,8500,1500,1500,8500,3500
Numeric,32,JEE Adv 2018 Paper 2,chem,-11.62,-5.81,0,5.78,1731,None,-1.73,5.81
MCQ(multiple),37,JEE Adv 2018 Paper 2,math,D,AD,BD,ABCD,AD,AD,AC,CD
MCQ(multiple),41,JEE Adv 2018 Paper 2,math,ACD,C,AC,ABCD,ABCD,ABCD,ABCD,ABCD
Numeric,43,JEE Adv 2018 Paper 2,math,2,None,1.63,-5.44,4.29,4.29,None,0.19
Numeric,44,JEE Adv 2018 Paper 2,math,4,0,2,2,6,3,3,1
Numeric,45,JEE Adv 2018 Paper 2,math,119,-0.93,-10,608.21,119.06,119.06,None,-1254.38
Numeric,46,JEE Adv 2018 Paper 2,math,0.4,None,None,0.4,-0.4,None,None,-0.4
Numeric,47,JEE Adv 2018 Paper 2,math,2,0.69,2.67,None,None,None,1.77,4
Numeric,48,JEE Adv 2018 Paper 2,math,8,0,0,None,5,5,None,3
Numeric,49,JEE Adv 2018 Paper 2,math,0.5,0.25,0.25,0,0,0,0.5,0
Numeric,50,JEE Adv 2018 Paper 2,math,646,745000,184.92,-2,4.86,0.86,207,0.35
MCQ,1,JEE Adv 2019 Paper 1,phy,A,B,C,C,C,C,C,A
MCQ,2,JEE Adv 2019 Paper 1,phy,C,AC,A,C,None,D,None,A
MCQ,3,JEE Adv 2019 Paper 1,phy,A,A,A,A,D,None,A,A
MCQ,4,JEE Adv 2019 Paper 1,phy,B,D,D,None,C,C,A,B
MCQ(multiple),8,JEE Adv 2019 Paper 1,phy,ABC,ABCD,ACD,AB,ABD,ABC,AB,AB
MCQ(multiple),11,JEE Adv 2019 Paper 1,phy,ABC,ABCD,ABC,ABC,ABD,AB,B,BC
MCQ(multiple),12,JEE Adv 2019 Paper 1,phy,BC,ABCD,BC,AC,BD,D,BD,BD
Numeric,16,JEE Adv 2019 Paper 1,phy,1,None,None,0.69,0,None,1,1
MCQ,19,JEE Adv 2019 Paper 1,chem,C,A,C,B,B,B,B,B
MCQ,20,JEE Adv 2019 Paper 1,chem,C,D,C,C,C,C,C,C
MCQ(multiple),23,JEE Adv 2019 Paper 1,chem,AB,ABCD,ABC,ABCD,AB,AB,ABCD,AB
MCQ(multiple),24,JEE Adv 2019 Paper 1,chem,ABD,BD,ACD,ABD,ABD,ABD,ABD,ABD
MCQ(multiple),25,JEE Adv 2019 Paper 1,chem,CD,ABC,AC,ACD,ACD,ACD,ABC,ACD
MCQ(multiple),26,JEE Adv 2019 Paper 1,chem,ACD,ABCD,AD,ABCD,ACD,ACD,ACD,ACD
MCQ(multiple),27,JEE Adv 2019 Paper 1,chem,BD,BC,ABCD,BD,BD,BD,BD,BD
MCQ(multiple),28,JEE Adv 2019 Paper 1,chem,ABD,BC,A,ABC,AB,AB,ABCD,AB
MCQ(multiple),29,JEE Adv 2019 Paper 1,chem,ACD,CD,AD,ACD,ACD,ACD,ACD,ACD
Numeric,31,JEE Adv 2019 Paper 1,chem,4,2,1,5,5,5,5,5
Numeric,32,JEE Adv 2019 Paper 1,chem,19,18,6,3,16,14,15,11
Numeric,34,JEE Adv 2019 Paper 1,chem,1.02,0.16,0.84,0.16,1.02,1.02,01,0.001
Numeric,35,JEE Adv 2019 Paper 1,chem,6.75,0,1.69,6.75,6.75,6.75,16.88,6.75
MCQ,37,JEE Adv 2019 Paper 1,math,A,B,None,D,B,B,A,A
MCQ,38,JEE Adv 2019 Paper 1,math,C,D,None,D,None,None,B,D
MCQ,39,JEE Adv 2019 Paper 1,math,B,A,D,A,B,C,B,B
MCQ,40,JEE Adv 2019 Paper 1,math,A,D,A,A,A,None,B,A
MCQ(multiple),42,JEE Adv 2019 Paper 1,math,ABD,CD,None,None,D,None,AD,None
MCQ(multiple),43,JEE Adv 2019 Paper 1,math,AB,ABCD,AB,AB,AB,AB,ABC,ABC
MCQ(multiple),44,JEE Adv 2019 Paper 1,math,ACD,ABD,ABC,ACD,A,None,ABD,AD
MCQ(multiple),45,JEE Adv 2019 Paper 1,math,BC,AB,ABC,BD,AB,AB,B,B
MCQ(multiple),47,JEE Adv 2019 Paper 1,math,AB,CD,D,AB,C,None,B,ABD
MCQ(multiple),48,JEE Adv 2019 Paper 1,math,ABC,A,A,None,A,A,C,AC
Numeric,49,JEE Adv 2019 Paper 1,math,3,6,9,3,-1.14,4,36,9
Numeric,50,JEE Adv 2019 Paper 1,math,157,5,34,10,17,None,115,0
Numeric,51,JEE Adv 2019 Paper 1,math,0.5,0.5,0.02,0.54,1,0.33,0.66,0.83
Numeric,52,JEE Adv 2019 Paper 1,math,10,0,7.14,2.12,9.66,9.66,1,0
Numeric,53,JEE Adv 2019 Paper 1,math,4,8.45,0.042,None,1.63,1.63,None,0.32
Numeric,54,JEE Adv 2019 Paper 1,math,0.75,None,None,24,0.03,0.03,2.25,1.5
MCQ(multiple),1,JEE Adv 2019 Paper 2,phy,ACD,ABCD,BC,AC,ABC,ABC,ABC,AC
MCQ(multiple),5,JEE Adv 2019 Paper 2,phy,ACD,ACD,ABC,AC,ACD,ACD,A,ABCD
MCQ(multiple),8,JEE Adv 2019 Paper 2,phy,AD,BC,ACD,ACD,ABD,ABD,AD,AD
Numeric,13,JEE Adv 2019 Paper 2,phy,135,0,215,215,215,215,None,215
Numeric,14,JEE Adv 2019 Paper 2,phy,0.69,40,0.55,1.25,1.25,1.25,1.25,1.25
MCQ(multiple),19,JEE Adv 2019 Paper 2,chem,ABC,ABCD,AC,ABC,ABC,ABC,ABC,ABC
MCQ(multiple),20,JEE Adv 2019 Paper 2,chem,ABD,ABD,AB,ABD,ABC,ABC,ABCD,ABCD
MCQ(multiple),21,JEE Adv 2019 Paper 2,chem,ACD,BD,CD,ACD,AD,AD,AD,AD
MCQ(multiple),22,JEE Adv 2019 Paper 2,chem,AB,AD,AD,ABD,AB,AB,AB,AB
MCQ(multiple),26,JEE Adv 2019 Paper 2,chem,BC,ABCD,ABC,BC,BC,BC,BC,BC
Numeric,27,JEE Adv 2019 Paper 2,chem,288,36,324,72,36,36,36,36
Numeric,28,JEE Adv 2019 Paper 2,chem,6,2,6,6,6,6,8,4
Numeric,29,JEE Adv 2019 Paper 2,chem,2.3,9000,1.08,2.22,4.61,4.61,9,0.64
Numeric,30,JEE Adv 2019 Paper 2,chem,2.98,3,1,0.33,2.98,2.98,1,2.98
Numeric,32,JEE Adv 2019 Paper 2,chem,10,12,8,1,3,5,4,3
MCQ(multiple),37,JEE Adv 2019 Paper 2,math,ABC,ABCD,AB,BD,B,B,ABCD,BD
MCQ(multiple),40,JEE Adv 2019 Paper 2,math,AB,AC,BD,ABD,ABCD,AC,ACD,ABCD
MCQ(multiple),41,JEE Adv 2019 Paper 2,math,BCD,AC,ABD,AC,A,A,A,ABCD
MCQ(multiple),42,JEE Adv 2019 Paper 2,math,AD,None,BD,ABCD,AD,AD,A,None
MCQ(multiple),43,JEE Adv 2019 Paper 2,math,ABD,ABCD,AD,D,D,None,ABCD,ABCD
MCQ(multiple),44,JEE Adv 2019 Paper 2,math,AC,ABCD,B,C,C,C,B,ABC
Numeric,45,JEE Adv 2019 Paper 2,math,6.2,0,None,None,None,None,None,0.5
Numeric,46,JEE Adv 2019 Paper 2,math,30,6,150,18,24,24,15,24
Numeric,47,JEE Adv 2019 Paper 2,math,422,57,576,3024,255,90,422,129
Numeric,48,JEE Adv 2019 Paper 2,math,0,None,0.97,None,None,None,None,0.26
Numeric,49,JEE Adv 2019 Paper 2,math,0.5,None,None,0,None,None,None,0
MCQ(multiple),7,JEE Adv 2020 Paper 1,phy,BC,AC,D,BC,B,BC,BC,BC
MCQ(multiple),8,JEE Adv 2020 Paper 1,phy,BCD,ABCD,AC,ABCD,ABCD,ABCD,ABCD,ABCD
MCQ(multiple),9,JEE Adv 2020 Paper 1,phy,AB,D,ABCD,A,AB,AB,ABC,ABC
Numeric,13,JEE Adv 2020 Paper 1,phy,25.6,57.14,63.16,22.22,33.33,33.33,6.25,27.78
Numeric,16,JEE Adv 2020 Paper 1,phy,1.77,0.093,0.72,None,1.33,1.33,2.4,-1.33
Numeric,17,JEE Adv 2020 Paper 1,phy,0.62,-50,0.13,0.625,0.63,0.63,0.63,0.625
Numeric,18,JEE Adv 2020 Paper 1,phy,6.4,0,8,8,0.0625,0.16,12.8,5.33
MCQ,20,JEE Adv 2020 Paper 1,chem,B,C,B,B,None,B,B,B
MCQ,21,JEE Adv 2020 Paper 1,chem,A,A,A,A,A,A,A,A
MCQ(multiple),25,JEE Adv 2020 Paper 1,chem,ABC,A,AD,AB,ABC,A,A,AB
MCQ(multiple),28,JEE Adv 2020 Paper 1,chem,AC,AD,AD,ABCD,ABCD,ABCD,ABCD,ABC
MCQ(multiple),29,JEE Adv 2020 Paper 1,chem,ABD,ABD,D,AD,AD,AD,D,AD
Numeric,31,JEE Adv 2020 Paper 1,chem,0.11,0.18,0.41,0.056,0.1,0.1,0.0556,0.1
Numeric,33,JEE Adv 2020 Paper 1,chem,13.32,11.7,9.01,13.34,13.33,13.33,13.33,13.33
Numeric,34,JEE Adv 2020 Paper 1,chem,6.15,14.52,13.3,6.15,7.38,6.15,6.15,6.15
Numeric,35,JEE Adv 2020 Paper 1,chem,1.2,8.43,2.68,1203.2,0.752,0.752,7.52,12
MCQ,37,JEE Adv 2020 Paper 1,math,D,A,None,B,None,153600,A,A
MCQ,38,JEE Adv 2020 Paper 1,math,C,D,A,B,A,A,A,A
MCQ,39,JEE Adv 2020 Paper 1,math,A,B,A,A,A,C,A,A
MCQ,40,JEE Adv 2020 Paper 1,math,A,A,D,A,A,None,A,A
MCQ,41,JEE Adv 2020 Paper 1,math,B,B,A,B,B,B,B,B
MCQ,42,JEE Adv 2020 Paper 1,math,C,B,C,B,C,None,None,C
MCQ(multiple),43,JEE Adv 2020 Paper 1,math,AC,AC,AC,ABCD,BCD,BCD,ABC,ABC
MCQ(multiple),44,JEE Adv 2020 Paper 1,math,BCD,ABCD,B,AD,ABCD,ABCD,CD,BD
MCQ(multiple),45,JEE Adv 2020 Paper 1,math,BC,ABD,BCD,BC,ABC,BD,BC,AB
MCQ(multiple),46,JEE Adv 2020 Paper 1,math,BC,A,ACD,None,ACD,ACD,None,C
MCQ(multiple),47,JEE Adv 2020 Paper 1,math,AB,None,BD,AD,AC,D,A,None
MCQ(multiple),48,JEE Adv 2020 Paper 1,math,ABD,AC,BCD,ABCD,BD,D,A,BD
Numeric,49,JEE Adv 2020 Paper 1,math,8,None,9,8,10,10,11,8
Numeric,50,JEE Adv 2020 Paper 1,math,1,None,2,7,None,None,None,2
Numeric,51,JEE Adv 2020 Paper 1,math,1,2,None,0.82,0.5,0.83,None,1
Numeric,52,JEE Adv 2020 Paper 1,math,108,None,None,123.75,123.75,123.75,None,141.75
Numeric,53,JEE Adv 2020 Paper 1,math,3,0,4,4,4,4,4,2
Numeric,54,JEE Adv 2020 Paper 1,math,1,-2,-1,1,5,1,1,1
Integer,2,JEE Adv 2020 Paper 2,phy,9,None,8,2,7.875,7.875,None,7.875
Integer,4,JEE Adv 2020 Paper 2,phy,4,0,None,4,4,4,4,4
MCQ(multiple),10,JEE Adv 2020 Paper 2,phy,AC,B,AC,AC,AC,AC,AC,AC
MCQ(multiple),11,JEE Adv 2020 Paper 2,phy,AC,AD,BC,BC,B,B,BC,BC
MCQ(multiple),12,JEE Adv 2020 Paper 2,phy,BCD,C,BD,ACD,CD,CD,ABCD,BCD
Numeric,15,JEE Adv 2020 Paper 2,phy,1.3,14.29,2,1.8,1.8,1.507,1.11,1.8
Numeric,16,JEE Adv 2020 Paper 2,phy,0.24,-37,-0.76,80.5,-23.81,-23.81,-23.81,0.24
Numeric,18,JEE Adv 2020 Paper 2,phy,8.33,175,9.52,34726.85,35000,8.33,8.33,35000
Integer,19,JEE Adv 2020 Paper 2,chem,9,6,7,None,1,1,1,9
Integer,21,JEE Adv 2020 Paper 2,chem,6,6,16,16,6,6,10,6
Integer,22,JEE Adv 2020 Paper 2,chem,4,3,5,0,0,4,0,3
Integer,24,JEE Adv 2020 Paper 2,chem,6,480,24,6,4,6,6,2
MCQ(multiple),27,JEE Adv 2020 Paper 2,chem,ABCD,ABD,ABD,ABD,ABD,ABD,ABCD,ABD
MCQ(multiple),28,JEE Adv 2020 Paper 2,chem,AB,ABCD,ABCD,AD,AD,AD,ABCD,AD
Numeric,32,JEE Adv 2020 Paper 2,chem,0.2,0.8,0.6,0.2,0.2,0.2,0.2,0.2
Numeric,35,JEE Adv 2020 Paper 2,chem,935,5.78,1130,935,935,935,512.87,935
Numeric,36,JEE Adv 2020 Paper 2,chem,0.2,None,0.63,None,0.2,0.2,2,0.2
Integer,37,JEE Adv 2020 Paper 2,math,8,13.64,64,4,16,64,None,0
Integer,38,JEE Adv 2020 Paper 2,math,6,4,0.95,6,5,5,7,5
Integer,39,JEE Adv 2020 Paper 2,math,2,4,2.3,0,None,None,None,2
Integer,40,JEE Adv 2020 Paper 2,math,5,None,6,None,5,5,-2,2
Integer,41,JEE Adv 2020 Paper 2,math,4,2,1,0,0,2,5,1
Integer,42,JEE Adv 2020 Paper 2,math,8,8,0.72,0,0,0,0,0
MCQ(multiple),43,JEE Adv 2020 Paper 2,math,AC,ABC,ABCD,CD,ACD,AC,ACD,AC
MCQ(multiple),44,JEE Adv 2020 Paper 2,math,AD,AD,AB,AD,A,A,A,A
MCQ(multiple),45,JEE Adv 2020 Paper 2,math,ABD,AB,ABC,A,AD,AD,ABD,AD
MCQ(multiple),46,JEE Adv 2020 Paper 2,math,ABC,AB,AC,A,None,D,ABCD,B
MCQ(multiple),47,JEE Adv 2020 Paper 2,math,AC,A,BC,D,None,None,None,ACD
MCQ(multiple),48,JEE Adv 2020 Paper 2,math,ABD,None,None,ABC,A,None,None,A
Numeric,49,JEE Adv 2020 Paper 2,math,495,1365,19505,51051,2380,2380,1365,105
Numeric,50,JEE Adv 2020 Paper 2,math,1080,1350,180,1260,4320,6480,540,1440
Numeric,51,JEE Adv 2020 Paper 2,math,8,9.33,3.5,2.67,1.56,8,1.56,8
Numeric,52,JEE Adv 2020 Paper 2,math,19,-2.86,None,59.02,12,12,38,1.84
Numeric,53,JEE Adv 2020 Paper 2,math,4,-10,3.1,None,None,None,1,-4
Numeric,54,JEE Adv 2020 Paper 2,math,0.5,None,1.5,0.75,0.25,1.25,0.5,0.25
MCQ,4,JEE Adv 2021 Paper 1,phy,D,D,D,D,D,D,D,D
Numeric,5,JEE Adv 2021 Paper 1,phy,0.5,None,1.41,1,1,0.5,1,1
Numeric,6,JEE Adv 2021 Paper 1,phy,7.5,2.94,0.125,5,5,5,5,5
MCQ(multiple),13,JEE Adv 2021 Paper 1,phy,ABC,ABCD,ABD,AC,D,D,ACD,B
MCQ(multiple),14,JEE Adv 2021 Paper 1,phy,AD,ACD,BD,D,AD,AD,AD,AD
Integer,17,JEE Adv 2021 Paper 1,phy,4,2,0.18,8,8,8,None,4
MCQ,22,JEE Adv 2021 Paper 1,chem,A,C,D,C,C,C,C,C
Numeric,27,JEE Adv 2021 Paper 1,chem,100.1,100.05,100,100.13,100.05,100.05,0.025,100.05
Numeric,28,JEE Adv 2021 Paper 1,chem,2.5,5,0.1,7.5,7.5,7.5,2.5,7.5
MCQ(multiple),31,JEE Adv 2021 Paper 1,chem,BC,ABCD,C,CD,CD,CD,CD,CD
MCQ(multiple),33,JEE Adv 2021 Paper 1,chem,ACD,BCD,ACD,ACD,ACD,ACD,ACD,ACD
Integer,35,JEE Adv 2021 Paper 1,chem,13,4,14,3,5,3,5,4
MCQ,37,JEE Adv 2021 Paper 1,math,B,D,A,A,None,C,A,A
MCQ,38,JEE Adv 2021 Paper 1,math,A,D,A,None,None,None,None,C
MCQ,39,JEE Adv 2021 Paper 1,math,A,A,D,None,C,C,None,A
MCQ,40,JEE Adv 2021 Paper 1,math,C,A,C,C,C,D,B,C
Numeric,41,JEE Adv 2021 Paper 1,math,76.25,156.88,15.125,155.25,305,305,12.2,76.25
Numeric,42,JEE Adv 2021 Paper 1,math,24.5,0.86,98.75,None,12.25,12.25,0.026,2
Numeric,43,JEE Adv 2021 Paper 1,math,1.00,0.286,None,-2,-90,-10,None,1
Numeric,44,JEE Adv 2021 Paper 1,math,1.5,None,None,0.1,0.67,0,None,0.17
Numeric,45,JEE Adv 2021 Paper 1,math,9.00,2,6,54,54,54,0,13.5
Numeric,46,JEE Adv 2021 Paper 1,math,77.14,45,4,270,67.56,67.56,270,108
MCQ(multiple),47,JEE Adv 2021 Paper 1,math,ABD,A,ABC,AD,AC,A,AD,ACD
MCQ(multiple),48,JEE Adv 2021 Paper 1,math,AB,ABD,AD,AB,ABD,ABD,ABD,ABD
MCQ(multiple),49,JEE Adv 2021 Paper 1,math,ABC,AB,ABC,ABC,ABC,ABC,ABC,ABC
MCQ(multiple),50,JEE Adv 2021 Paper 1,math,ABC,BC,ABD,ABCD,AB,ABC,AC,AB
MCQ(multiple),51,JEE Adv 2021 Paper 1,math,AB,AC,AC,AC,C,CD,ABC,A
MCQ(multiple),52,JEE Adv 2021 Paper 1,math,BD,None,ACD,AC,AB,AB,AD,AC
Integer,53,JEE Adv 2021 Paper 1,math,4,2,4,4,2,4,2,2
Integer,54,JEE Adv 2021 Paper 1,math,2,6.44,6,11,1,None,None,0
MCQ(multiple),2,JEE Adv 2021 Paper 2,phy,AD,A,ABD,B,D,None,B,D
MCQ(multiple),4,JEE Adv 2021 Paper 2,phy,BD,A,B,A,A,A,AD,None
MCQ(multiple),5,JEE Adv 2021 Paper 2,phy,ACD,ABD,ABCD,ACD,ABCD,ABCD,AC,ABCD
Numeric,9,JEE Adv 2021 Paper 2,phy,0.18,0.2,0.3,0.18,0.1,0.02,0.084,0.18
Numeric,10,JEE Adv 2021 Paper 2,phy,0.16,None,1.82,0.04,0.2,0.97,0.1,0.2
Numeric,11,JEE Adv 2021 Paper 2,phy,100.00,0.037,0.0032,1150,100,100,0.3,0.0025
Numeric,12,JEE Adv 2021 Paper 2,phy,60,None,-53.13,45,63.43,45,45,45
MCQ(multiple),21,JEE Adv 2021 Paper 2,chem,BCD,ABC,BD,AB,B,B,ABC,None
MCQ(multiple),22,JEE Adv 2021 Paper 2,chem,ABC,A,C,AC,ABC,ABC,None,AC
MCQ(multiple),23,JEE Adv 2021 Paper 2,chem,ABD,ABCD,A,C,AB,ABD,ABC,BCD
MCQ(multiple),24,JEE Adv 2021 Paper 2,chem,ABD,AC,AB,ABD,ABD,ABD,ABD,ABD
Numeric,25,JEE Adv 2021 Paper 2,chem,0.22,0.05,0.02,None,0.67,0.67,0.22,0.67
Numeric,26,JEE Adv 2021 Paper 2,chem,0.86,3,77.46,None,1,0,148.92,0.37
Numeric,27,JEE Adv 2021 Paper 2,chem,3.57,None,57.72,0.44,0.4,0.4,0.89,0.18
Numeric,28,JEE Adv 2021 Paper 2,chem,1.23,0.93,2.3,1.01,0.42,0.42,0.66,0.42
Numeric,29,JEE Adv 2021 Paper 2,chem,1.87,0.38,2.4,1.87,0.075,7.5,3.75,1.875
Numeric,30,JEE Adv 2021 Paper 2,chem,18.75,13.2,0.6,0.75,18.75,18.75,18.75,18.75
MCQ,31,JEE Adv 2021 Paper 2,chem,A,C,C,D,B,B,B,B
MCQ,33,JEE Adv 2021 Paper 2,chem,C,D,A,C,C,B,C,C
MCQ,34,JEE Adv 2021 Paper 2,chem,D,A,D,D,D,D,D,D
Integer,36,JEE Adv 2021 Paper 2,chem,30,92000,-6000,30,30,30,30,30
MCQ(multiple),37,JEE Adv 2021 Paper 2,math,ABD,ABCD,AC,AD,AD,AB,ABD,AD
MCQ(multiple),38,JEE Adv 2021 Paper 2,math,AB,ABCD,BC,ABCD,ACD,ACD,ABCD,ABD
MCQ(multiple),39,JEE Adv 2021 Paper 2,math,ABC,AB,AB,None,AB,AB,AB,A
MCQ(multiple),40,JEE Adv 2021 Paper 2,math,AC,D,AC,AC,AC,AC,ABCD,AC
MCQ(multiple),42,JEE Adv 2021 Paper 2,math,ABD,C,AD,B,B,B,B,ABD
Numeric,43,JEE Adv 2021 Paper 2,math,1.5,1,2.23,2,1.73,1.73,0.5,2
Numeric,44,JEE Adv 2021 Paper 2,math,2.00,None,0.5,4.5,2,2,0.67,0.5
Numeric,45,JEE Adv 2021 Paper 2,math,57,231,722,162,42,42,63,163
Numeric,46,JEE Adv 2021 Paper 2,math,6,26,None,0,6,6,6,6
Numeric,47,JEE Adv 2021 Paper 2,math,2,-0.45,4.51,4,2,2,None,2
MCQ,49,JEE Adv 2021 Paper 2,math,D,A,B,A,D,D,A,A
MCQ,50,JEE Adv 2021 Paper 2,math,B,B,B,D,C,C,A,B
MCQ,51,JEE Adv 2021 Paper 2,math,C,A,A,CD,B,B,CD,B
Numeric,1,JEE Adv 2022 Paper 1,math,2.35,None,None,0.45,2.94,2.94,None,0.46
Numeric,2,JEE Adv 2022 Paper 1,math,0.5,0,None,None,None,None,None,0
Numeric,3,JEE Adv 2022 Paper 1,math,0.8,0.99,0.82,0.8,0.8,0.8,0.8,0.53
Numeric,4,JEE Adv 2022 Paper 1,math,0.5,None,2.2,None,0.9,0.5,None,0.25
Numeric,5,JEE Adv 2022 Paper 1,math,4,1,1,3,2,2,0,2
Numeric,6,JEE Adv 2022 Paper 1,math,18900,1000,1200,76000,18900,18900,9900,-819.6
Numeric,7,JEE Adv 2022 Paper 1,math,569,30,918,648,648,648,1002,540
Numeric,8,JEE Adv 2022 Paper 1,math,0.83,2.45,0.73,0.29,2.73,0.27,None,0.0012
MCQ(multiple),9,JEE Adv 2022 Paper 1,math,CD,D,BCD,CD,None,CD,A,CD
MCQ(multiple),10,JEE Adv 2022 Paper 1,math,BC,ABCD,AD,None,None,None,None,None
MCQ(multiple),11,JEE Adv 2022 Paper 1,math,ABD,BC,BD,None,B,B,B,None
MCQ(multiple),12,JEE Adv 2022 Paper 1,math,ABC,ABCD,ABCD,None,ABCD,None,C,None
MCQ(multiple),14,JEE Adv 2022 Paper 1,math,AC,None,None,ABCD,AC,AC,BC,None
MCQ,15,JEE Adv 2022 Paper 1,math,B,D,C,B,D,None,B,B
MCQ,16,JEE Adv 2022 Paper 1,math,A,A,B,A,A,A,C,A
MCQ,17,JEE Adv 2022 Paper 1,math,B,D,A,A,B,B,A,A
MCQ,18,JEE Adv 2022 Paper 1,math,C,A,None,A,A,A,A,A
Numeric,19,JEE Adv 2022 Paper 1,phy,2.3,0.58,7.56,None,0.72,0.72,None,0.69
Numeric,20,JEE Adv 2022 Paper 1,phy,2.32,None,3.07,6.68,1.49,1.49,4.67,1.86
Numeric,23,JEE Adv 2022 Paper 1,phy,0.52,-14.54,1.77,0,1.98,None,None,0
Numeric,25,JEE Adv 2022 Paper 1,phy,4,10,200,None,4,4,400,40
Numeric,26,JEE Adv 2022 Paper 1,phy,0.95,1.235,3.24,0.9,None,None,0.81,1
MCQ(multiple),32,JEE Adv 2022 Paper 1,phy,ABD,ABC,ABC,AD,BCD,BCD,AD,ABD
MCQ,35,JEE Adv 2022 Paper 1,phy,C,A,C,None,A,A,A,C
Numeric,37,JEE Adv 2022 Paper 1,chem,90.39,366.48,234.68,86.68,86.68,86.68,209,86.68
Numeric,38,JEE Adv 2022 Paper 1,chem,0.77,2.86,1.86,3.92,3.92,None,3.92,3.92
Numeric,39,JEE Adv 2022 Paper 1,chem,10.02,6.24,5.89,3.94,6.37,13,10.02,0.7
Numeric,40,JEE Adv 2022 Paper 1,chem,0.32,2.38,0.96,3.8,1.9,1.9,1.9,1.9
Numeric,41,JEE Adv 2022 Paper 1,chem,2.38,0.12,6.38,6.36,9.57,9.57,6.4,2.39
MCQ(multiple),45,JEE Adv 2022 Paper 1,chem,AD,ABC,BC,BC,AC,AC,BC,BC
MCQ(multiple),46,JEE Adv 2022 Paper 1,chem,AD,AC,ACD,AD,AD,AD,ACD,ACD
MCQ(multiple),47,JEE Adv 2022 Paper 1,chem,BCD,ABCD,D,BC,BCD,BC,BCD,BCD
MCQ(multiple),48,JEE Adv 2022 Paper 1,chem,AD,ABC,AC,BD,BCD,ABC,BD,BD
MCQ,52,JEE Adv 2022 Paper 1,chem,D,C,D,D,B,B,C,C
MCQ,53,JEE Adv 2022 Paper 1,chem,A,A,C,None,A,A,A,A
MCQ,54,JEE Adv 2022 Paper 1,chem,D,D,B,D,D,None,C,D
Integer,1,JEE Adv 2022 Paper 2,math,1,0,None,9,0,9,0,0
Integer,2,JEE Adv 2022 Paper 2,math,8,20,-5.71,-40,20,None,None,-20
Numeric,3,JEE Adv 2022 Paper 2,math,5,7.5,1,4,8,4,4,3
Integer,4,JEE Adv 2022 Paper 2,math,1,None,0.2,1,25,25,25,1
Integer,5,JEE Adv 2022 Paper 2,math,5,3,0,12,0,None,6,0
Integer,6,JEE Adv 2022 Paper 2,math,3,9,24.59,0,0,-18,0,0
Integer,7,JEE Adv 2022 Paper 2,math,7,0,0,2666,None,None,3,13
Integer,8,JEE Adv 2022 Paper 2,math,6,2.63,7,21,9,9,None,14
MCQ(multiple),9,JEE Adv 2022 Paper 2,math,AB,B,A,B,AB,AB,B,BC
MCQ(multiple),10,JEE Adv 2022 Paper 2,math,ABC,AB,A,ABC,AB,AB,ABCD,ABC
MCQ(multiple),11,JEE Adv 2022 Paper 2,math,A,None,ABCD,D,None,None,BCD,C
MCQ(multiple),12,JEE Adv 2022 Paper 2,math,CD,ABCD,None,ACD,CD,ACD,ABCD,AB
MCQ(multiple),13,JEE Adv 2022 Paper 2,math,BCD,D,C,BC,ACD,ACD,D,None
MCQ(multiple),14,JEE Adv 2022 Paper 2,math,C,AD,ABD,CD,C,None,CD,CD
MCQ,15,JEE Adv 2022 Paper 2,math,A,D,A,B,None,None,None,B
MCQ,16,JEE Adv 2022 Paper 2,math,A,A,A,B,D,None,B,A
MCQ,17,JEE Adv 2022 Paper 2,math,C,B,C,C,None,None,B,C
MCQ,18,JEE Adv 2022 Paper 2,math,B,C,B,None,B,None,B,A
Integer,19,JEE Adv 2022 Paper 2,phy,3,0.75,2,3.54,0,None,None,0
Integer,20,JEE Adv 2022 Paper 2,phy,2,1,0.5,2,2,2,2,2
Integer,22,JEE Adv 2022 Paper 2,phy,4,1,2,1,0,-1,1,0
Integer,25,JEE Adv 2022 Paper 2,phy,6,2,1,3,12,10,1,7
MCQ(multiple),29,JEE Adv 2022 Paper 2,phy,CD,ABC,BC,ABCD,ABCD,ABCD,ABC,ABC
MCQ(multiple),30,JEE Adv 2022 Paper 2,phy,ACD,AB,ABCD,BD,AD,AD,AD,ACD
MCQ,34,JEE Adv 2022 Paper 2,phy,A,A,A,B,B,B,D,B
MCQ,35,JEE Adv 2022 Paper 2,phy,C,A,C,C,C,C,D,C
Integer,37,JEE Adv 2022 Paper 2,chem,6,-7,5,6,8,8,6,7
Integer,38,JEE Adv 2022 Paper 2,chem,5,0.9,180,5,7,2,1,1
Integer,40,JEE Adv 2022 Paper 2,chem,4,4,2,2,4,4,4,4
Integer,41,JEE Adv 2022 Paper 2,chem,6,4,4,7,12,12,6,6
MCQ(multiple),45,JEE Adv 2022 Paper 2,chem,BC,ABCD,BC,AB,B,B,D,B
MCQ(multiple),46,JEE Adv 2022 Paper 2,chem,BCD,ACD,ACD,BCD,BCD,BCD,BCD,BCD
MCQ(multiple),47,JEE Adv 2022 Paper 2,chem,ABC,CD,B,ABC,ABC,ABC,ABC,ABC
MCQ(multiple),48,JEE Adv 2022 Paper 2,chem,ABC,ABCD,ABC,ABC,ABC,ABC,ABC,ABC
MCQ(multiple),50,JEE Adv 2022 Paper 2,chem,BC,ABD,BCD,BC,BCD,BCD,BC,BC
MCQ,51,JEE Adv 2022 Paper 2,chem,B,C,A,C,D,D,D,D
MCQ,52,JEE Adv 2022 Paper 2,chem,C,C,C,C,C,C,D,C
MCQ,53,JEE Adv 2022 Paper 2,chem,C,C,C,C,C,C,C,C
MCQ(multiple),1,JEE Adv 2023 Paper 1,math,ACD,AB,ABC,CD,AC,AC,ABC,AC
MCQ(multiple),2,JEE Adv 2023 Paper 1,math,AC,BD,BD,B,AC,None,BC,BD
MCQ(multiple),3,JEE Adv 2023 Paper 1,math,BCD,AB,AC,ABCD,None,AB,ABCD,ABC
MCQ,4,JEE Adv 2023 Paper 1,math,C,A,A,A,A,A,A,A
MCQ,5,JEE Adv 2023 Paper 1,math,A,C,B,C,A,A,C,A
MCQ,6,JEE Adv 2023 Paper 1,math,B,C,None,D,C,C,B,B
MCQ,7,JEE Adv 2023 Paper 1,math,A,None,None,None,A,A,None,A
Integer,8,JEE Adv 2023 Paper 1,math,3,2,2,4,3,None,4,1
Integer,9,JEE Adv 2023 Paper 1,math,8,None,3,None,None,None,4,10
Integer,10,JEE Adv 2023 Paper 1,math,1219,-33,None,9,2616,2616,2309,1974
Integer,11,JEE Adv 2023 Paper 1,math,281,28,None,137,1,None,281,163
Integer,12,JEE Adv 2023 Paper 1,math,45,None,None,None,560,None,None,0
Integer,13,JEE Adv 2023 Paper 1,math,3,None,None,1134,None,None,None,3
MCQ,14,JEE Adv 2023 Paper 1,math,A,A,B,A,A,B,A,A
MCQ,15,JEE Adv 2023 Paper 1,math,A,A,A,C,A,C,A,A
MCQ,16,JEE Adv 2023 Paper 1,math,B,A,B,A,A,A,A,A
MCQ,17,JEE Adv 2023 Paper 1,math,B,D,A,C,B,C,D,A
MCQ,21,JEE Adv 2023 Paper 1,phy,A,B,C,B,B,B,B,B
MCQ,23,JEE Adv 2023 Paper 1,phy,A,A,B,B,A,A,A,A
MCQ,24,JEE Adv 2023 Paper 1,phy,A,A,B,A,None,None,B,A
Integer,25,JEE Adv 2023 Paper 1,phy,3,4,2,2,2,2,3,2
Integer,27,JEE Adv 2023 Paper 1,phy,1,None,None,40,1,1.41,10,2
Integer,28,JEE Adv 2023 Paper 1,phy,121,66,-1,None,None,-36,29,114
Integer,29,JEE Adv 2023 Paper 1,phy,40,None,390,23,24,24,90,1
MCQ,31,JEE Adv 2023 Paper 1,phy,A,A,D,B,B,C,C,B
MCQ,32,JEE Adv 2023 Paper 1,phy,C,C,C,C,C,C,C,C
MCQ,33,JEE Adv 2023 Paper 1,phy,B,A,A,B,D,D,D,A
MCQ(multiple),35,JEE Adv 2023 Paper 1,chem,BCD,CD,BCD,BCD,BCD,BCD,BCD,BCD
MCQ,39,JEE Adv 2023 Paper 1,chem,A,A,D,A,None,None,D,A
MCQ,40,JEE Adv 2023 Paper 1,chem,B,D,C,C,D,C,5,C
Integer,42,JEE Adv 2023 Paper 1,chem,222,None,1620,222,888,888,210.6,276
Integer,43,JEE Adv 2023 Paper 1,chem,100,1,50000,10,100,100,0.5,10
MCQ,48,JEE Adv 2023 Paper 1,chem,D,D,C,A,A,A,A,A
MCQ,49,JEE Adv 2023 Paper 1,chem,D,D,A,B,C,C,A,A
MCQ,51,JEE Adv 2023 Paper 1,chem,D,A,C,D,A,C,A,A
MCQ,1,JEE Adv 2023 Paper 2,math,C,A,A,D,D,None,D,D
MCQ,2,JEE Adv 2023 Paper 2,math,B,B,D,A,A,A,A,A
MCQ,3,JEE Adv 2023 Paper 2,math,C,A,A,B,B,None,B,B
MCQ,4,JEE Adv 2023 Paper 2,math,B,A,D,A,A,A,A,A
MCQ(multiple),5,JEE Adv 2023 Paper 2,math,BC,C,ABD,AD,AD,AD,ABD,AD
MCQ(multiple),6,JEE Adv 2023 Paper 2,math,AB,B,None,ABD,A,AD,ABD,AB
MCQ(multiple),7,JEE Adv 2023 Paper 2,math,ABC,BD,BC,ABCD,ABCD,ABC,ABCD,ABCD
Integer,8,JEE Adv 2023 Paper 2,math,0,1,None,0,0,0,0,0
Integer,9,JEE Adv 2023 Paper 2,math,16,7,None,2,0,None,7,7
Integer,10,JEE Adv 2023 Paper 2,math,31,None,None,38,38,None,133,19
Integer,11,JEE Adv 2023 Paper 2,math,512,256,None,None,None,None,8,0
Integer,12,JEE Adv 2023 Paper 2,math,3780,8,16777216,2240,2921,3410,3059,1024
Integer,13,JEE Adv 2023 Paper 2,math,2,1,29,11,4,None,16,2
Numeric,14,JEE Adv 2023 Paper 2,math,1008,4096,79.31,None,341.33,315.98,1024,0
Numeric,15,JEE Adv 2023 Paper 2,math,0.25,0.41,0.68,0.89,0.5,None,1.5,0.5
MCQ,19,JEE Adv 2023 Paper 2,phy,A,A,A,A,None,None,A,A
MCQ,20,JEE Adv 2023 Paper 2,phy,A,A,B,A,A,A,B,A
MCQ,21,JEE Adv 2023 Paper 2,phy,C,D,B,C,C,C,B,C
MCQ(multiple),24,JEE Adv 2023 Paper 2,phy,AD,AB,ABCD,ABD,B,None,ABCD,ABD
Integer,27,JEE Adv 2023 Paper 2,phy,5,None,None,0.5,45,45,5,5
Integer,29,JEE Adv 2023 Paper 2,phy,16,None,None,16,16,16,16,16
MCQ,36,JEE Adv 2023 Paper 2,chem,A,A,B,A,A,A,A,A
MCQ(multiple),39,JEE Adv 2023 Paper 2,chem,CD,AD,CD,AD,B,B,AD,AC
MCQ(multiple),40,JEE Adv 2023 Paper 2,chem,ABD,ABCD,ABCD,AB,AB,AB,AB,AB
Integer,42,JEE Adv 2023 Paper 2,chem,18,65,1,45,None,28,19,18
Integer,43,JEE Adv 2023 Paper 2,chem,5,8,6,0,4,4,5,3
Integer,44,JEE Adv 2023 Paper 2,chem,6,16,0,0,0,1,0,0
Integer,46,JEE Adv 2023 Paper 2,chem,682,None,None,683,78.3,114.2,675,12402
Numeric,50,JEE Adv 2023 Paper 2,chem,9,21.54,16,6,8,8,3,12
Numeric,51,JEE Adv 2023 Paper 2,chem,51,None,18,39,33,33,51,30
